id,nom,age,email,ville,etat
1,Sonnie,53,sbendle0@posterous.com,Memphis,TN
2,Joann,38,jlaunchbury1@merriam-webster.com,San Antonio,TX
3,Dolorita,55,dedensor2@msn.com,Fort Worth,TX
4,Burke,24,bbartholin3@amazon.de,San Diego,CA
5,Natassia,43,nnapoleone4@chicagotribune.com,New York,NY
6,Orelee,19,opech5@washingtonpost.com,Jacksonville,FL
7,Carlene,74,clearoyd6@wikipedia.org,Washington,DC
8,Holly,40,hsimeoli7@bbc.co.uk,Chicago,IL
9,Camellia,48,ckingcott8@gov.uk,Nashville,TN
10,Maible,73,myates9@unesco.org,Nashville,TN
11,Leta,39,lguillermana@vistaprint.com,Boston,MA
12,Mozelle,14,mpotteridgeb@stanford.edu,Fort Worth,TX
13,Gibby,28,glattac@senate.gov,Denver,CO
14,Noell,50,nodwyerd@tinypic.com,Dallas,TX
15,Jackson,26,jcogere@sourceforge.net,Philadelphia,PA
16,Danita,57,dcairdf@pinterest.com,Austin,TX
17,Elle,12,eoldcroftg@mashable.com,Phoenix,AZ
18,Sterling,43,sstotharth@google.pl,Washington,DC
19,Lowrance,10,lrosthorni@aboutads.info,Chicago,IL
20,Giordano,76,geliotj@rakuten.co.jp,Nashville,TN
21,Alfredo,72,adefewk@shareasale.com,Denver,CO
22,Shell,43,sairetonl@ask.com,Columbus,OH
23,Jobey,74,jburkm@amazon.co.jp,Nashville,TN
24,Rabbi,38,rneyn@hexun.com,Jacksonville,FL
25,Theadora,47,theibelo@msu.edu,San Jose,CA
26,Elvyn,11,epowlesp@house.gov,San Antonio,TX
27,Barbabra,21,bfedderq@infoseek.co.jp,Los Angeles,CA
28,Winni,48,wbooir@ed.gov,Charlotte,NC
29,Rad,72,rgeffingers@chron.com,Dallas,TX
30,Irene,65,iwilchert@goo.gl,Charlotte,NC
31,Janessa,11,jcominellou@deliciousdays.com,Miami,FL
32,Rolfe,25,rmacgaheyv@cisco.com,Nashville,TN
33,Cammy,66,cmcateerw@arstechnica.com,New York,NY
34,Ronnie,51,rmicahx@addthis.com,San Diego,CA
35,Olivette,23,ovicareyy@ebay.co.uk,Miami,FL
36,Balduin,28,bfencottz@lulu.com,Oklahoma City,OK
37,Mattie,16,mhairsnape10@bravesites.com,Oklahoma City,OK
39,Randie,77,rguise12@sciencedirect.com,New York,NY
40,Adela,73,asansun13@bloglovin.com,Baltimore,MD
41,Christye,55,chubbucke14@hhs.gov,New York,NY
42,Delmar,39,dclingan15@wikimedia.org,Charlotte,NC
43,Antoine,51,aolooney16@craigslist.org,Chicago,IL
44,Lanie,37,lsheerman17@weather.com,Los Angeles,CA
45,Meyer,43,mdorset18@merriam-webster.com,Portland,OR
47,Auria,39,aortelt1a@ebay.com,Charlotte,NC
48,Stefania,32,ssilcock1b@multiply.com,Miami,FL
49,Elias,24,egeroldo1c@squarespace.com,New York,NY
50,Jayme,23,jharkin1d@cdbaby.com,Boston,MA
51,Elisabeth,30,emcquaker1e@miibeian.gov.cn,Baltimore,MD
52,Dniren,50,dchelley1f@cnet.com,Chicago,IL
53,Kristel,28,kshaddock1g@time.com,Dallas,TX
54,Lurlene,21,lminchindon1h@latimes.com,Dallas,TX
55,Westley,51,wdonahue1i@blogs.com,Charlotte,NC
56,Gavin,18,gneggrini1j@washingtonpost.com,Miami,FL
57,Ottilie,65,ohanrahan1k@netvibes.com,San Antonio,TX
58,Martie,33,mtombs1l@slashdot.org,Portland,OR
59,Valery,43,vvaughn1m@simplemachines.org,Boston,MA
60,Worthington,37,wsharma1n@forbes.com,Nashville,TN
61,Archie,75,adebold1o@buzzfeed.com,San Antonio,TX
62,Hilliary,19,hwaples1p@wikimedia.org,Los Angeles,CA
63,Nataniel,32,ncomberbach1q@dion.ne.jp,Portland,OR
64,Ted,52,tlowsely1r@sfgate.com,Seattle,WA
65,Ariel,68,alidgett1s@dagondesign.com,Austin,TX
66,Archibaldo,22,arealy1t@ted.com,Phoenix,AZ
67,Gretta,31,gpoulter1u@epa.gov,San Antonio,TX
68,Bartholemy,34,bdorward1v@constantcontact.com,Phoenix,AZ
69,Milka,63,mwestphal1w@sciencedaily.com,Washington,DC
70,Guthrie,79,ginett1x@businessweek.com,Oklahoma City,OK
71,Iosep,41,iclapshaw1y@delicious.com,Chicago,IL
72,Arabela,48,adenkel1z@reuters.com,Jacksonville,FL
73,Johanna,45,jspalls20@admin.ch,Philadelphia,PA
74,Salvidor,61,sducker21@scribd.com,Memphis,TN
75,Corinna,29,cchild22@webeden.co.uk,Austin,TX
76,Reagen,24,rmunson23@ucoz.ru,Boston,MA
77,Kelley,69,kdeave24@ftc.gov,Dallas,TX
78,Milena,77,mgumary25@youtu.be,Austin,TX
79,Ramsey,39,rgergus26@issuu.com,Denver,CO
80,Shawnee,42,sfelce27@trellian.com,San Antonio,TX
81,Dorice,66,dgansbuhler28@ow.ly,Miami,FL
82,Joanie,78,jdann29@nbcnews.com,Houston,TX
83,Ferrel,74,feronie2a@dagondesign.com,Nashville,TN
84,Mort,25,mconey2b@booking.com,San Jose,CA
85,Jessey,44,jcowland2c@sogou.com,Austin,TX
86,Elly,40,ebeharrell2d@woothemes.com,Columbus,OH
87,Amy,43,awaldocke2e@smugmug.com,Memphis,TN
88,Fannie,53,fsivewright2f@dmoz.org,Philadelphia,PA
89,Faye,44,fingolotti2g@imageshack.us,San Jose,CA
90,Burlie,26,blarby2h@gravatar.com,Memphis,TN
91,Garret,13,gdainter2i@psu.edu,Austin,TX
92,Candis,61,cduly2j@hibu.com,Denver,CO
93,Nan,22,npaty2k@blogger.com,Phoenix,AZ
94,Arri,31,aforo2l@youtu.be,Phoenix,AZ
95,Elfie,63,elefeuvre2m@example.com,Fort Worth,TX
96,Pattin,23,pmarshman2n@51.la,Philadelphia,PA
97,Austen,15,anicolson2o@squarespace.com,Dallas,TX
98,Torey,78,tarmfirld2p@theglobeandmail.com,San Jose,CA
99,Paulina,32,pdrayson2q@disqus.com,Fort Worth,TX
100,Jayne,50,joaks2r@constantcontact.com,Denver,CO
101,Philomena,18,pflisher2s@is.gd,Nashville,TN
102,Lombard,28,lgullan2t@irs.gov,Nashville,TN
103,Ira,73,ispriggin2u@phpbb.com,Portland,OR
104,Gianna,22,gbrotherwood2v@nytimes.com,Dallas,TX
105,Berte,61,bmcdade2w@photobucket.com,Charlotte,NC
106,Davon,63,dgoodenough2x@skype.com,Portland,OR
107,Karlene,48,kbenazet2y@ehow.com,Boston,MA
108,Kirk,78,kkobelt2z@epa.gov,San Diego,CA
109,Andres,14,ametzing30@pen.io,San Diego,CA
110,Tatiania,33,tferrey31@wix.com,Portland,OR
111,Sonnie,65,svuittet32@cdc.gov,San Diego,CA
112,Brook,27,bartingstall33@behance.net,Phoenix,AZ
113,Maryjane,49,mkingstne34@cpanel.net,San Jose,CA
114,Ceciley,20,cpottage35@sohu.com,Oklahoma City,OK
115,Edythe,17,eamburgy36@goodreads.com,Memphis,TN
116,Matthias,23,mbunclark37@bbb.org,Oklahoma City,OK
117,Patsy,66,psweetenham38@furl.net,New York,NY
118,Carlina,62,clittlepage39@canalblog.com,Columbus,OH
119,Herve,31,hdrysdall3a@squidoo.com,Dallas,TX
120,Twyla,69,tbootland3b@army.mil,Baltimore,MD
121,Kermy,31,kdecaroli3c@parallels.com,San Antonio,TX
122,Flossi,19,fwatmore3d@com.com,Memphis,TN
123,Hubie,49,hegle3e@epa.gov,Miami,FL
124,Bartlet,17,bbatten3f@free.fr,Houston,TX
125,Vin,22,vmadgwich3g@surveymonkey.com,Dallas,TX
126,Kelly,23,kculleford3h@soundcloud.com,Houston,TX
127,Laure,40,ljowett3i@bravesites.com,Houston,TX
128,Lucine,10,lemanueli3j@delicious.com,Los Angeles,CA
129,Anny,13,apeele3k@discuz.net,Phoenix,AZ
130,Salli,15,swinsor3l@japanpost.jp,Phoenix,AZ
131,Robers,22,rabramof3m@umn.edu,New York,NY
132,Elisa,35,ejirik3n@themeforest.net,Nashville,TN
133,Dennis,73,dhawlgarth3o@oracle.com,Portland,OR
134,Ophelie,79,ohurdwell3p@google.com.br,Boston,MA
135,Legra,44,lgiovanazzi3q@hubpages.com,Austin,TX
136,Veronika,66,vledgister3r@xrea.com,Fort Worth,TX
137,Kelcie,47,kmaggiore3s@chronoengine.com,San Diego,CA
138,Burk,67,braveau3t@google.ca,Dallas,TX
139,Chevalier,18,cvickerman3u@arstechnica.com,Baltimore,MD
140,Abran,64,atatlowe3v@xing.com,Houston,TX
141,Jerry,76,jtitchard3w@deliciousdays.com,Memphis,TN
142,Raynard,40,rmoses3x@weibo.com,Chicago,IL
143,Tillie,24,ttytherton3y@people.com.cn,Nashville,TN
144,Ange,42,agilardoni3z@hud.gov,Miami,FL
145,Corry,61,cmarson40@cnbc.com,San Diego,CA
146,Lotte,53,llewendon41@netlog.com,Nashville,TN
147,Roxi,78,rtesmond42@epa.gov,New York,NY
148,Randolph,35,raltofts43@mapy.cz,Baltimore,MD
149,Nora,43,nfaye44@mapquest.com,Chicago,IL
150,Ryan,21,rdesseine45@hugedomains.com,Columbus,OH
152,Lutero,52,lkeeble47@rediff.com,San Antonio,TX
153,Corrie,64,ccroisdall48@yelp.com,Oklahoma City,OK
155,Cele,52,crookledge4a@vimeo.com,San Antonio,TX
156,Dallas,54,dglanders4b@taobao.com,San Diego,CA
157,Hogan,38,hbuyers4c@yolasite.com,Denver,CO
158,Lelia,79,lprise4d@cafepress.com,Washington,DC
159,Sergei,12,spriver4e@myspace.com,Seattle,WA
160,Marcia,44,mthomann4f@furl.net,New York,NY
161,Amandie,30,abillings4g@globo.com,Oklahoma City,OK
162,Conchita,76,cjerram4h@eventbrite.com,Phoenix,AZ
163,Hieronymus,25,hclutterham4i@slideshare.net,Charlotte,NC
164,Marty,54,mdimmne4j@com.com,Oklahoma City,OK
165,Fabien,38,fvinas4k@posterous.com,Miami,FL
166,Tatiana,30,tchaize4l@meetup.com,Charlotte,NC
167,Jackson,44,jsone4m@feedburner.com,Houston,TX
168,Iona,70,ipridie4n@cargocollective.com,Columbus,OH
169,Nappie,79,ndranfield4o@qq.com,San Antonio,TX
170,Zed,37,zbenbough4p@europa.eu,Los Angeles,CA
171,Giffie,67,genderlein4q@businesswire.com,Fort Worth,TX
172,Kippie,22,kstilgo4r@fema.gov,Nashville,TN
173,Bette-ann,68,beingerfield4s@live.com,San Jose,CA
174,Nerte,63,ncorson4t@bloomberg.com,Philadelphia,PA
175,Trev,44,tpetett4u@wp.com,Fort Worth,TX
176,Gerhard,13,gkops4v@wiley.com,Denver,CO
177,Dedie,48,dradwell4w@soup.io,Boston,MA
178,Beltran,68,bgayden4x@i2i.jp,Boston,MA
179,Del,78,dbelitz4y@census.gov,Memphis,TN
180,Charita,61,cpregal4z@phpbb.com,San Diego,CA
182,Kaiser,59,kbellwood51@shop-pro.jp,Jacksonville,FL
183,Windy,56,waloshechkin52@msn.com,San Antonio,TX
185,Hanson,61,hsinnott54@twitter.com,Baltimore,MD
186,Vivie,62,vhugonin55@bigcartel.com,San Jose,CA
187,Adele,36,astych56@ustream.tv,Seattle,WA
188,Ebony,12,ebentsen57@vk.com,Denver,CO
189,Samara,66,shundell58@imdb.com,San Antonio,TX
190,Kerry,14,kwhitsun59@people.com.cn,New York,NY
191,Levey,42,livashkin5a@eepurl.com,Seattle,WA
192,Kerwin,50,kcarville5b@hugedomains.com,Jacksonville,FL
193,Nico,18,nstrain5c@livejournal.com,Memphis,TN
194,Gabbi,13,gquigg5d@businessweek.com,Columbus,OH
195,Ayn,76,awhall5e@redcross.org,San Diego,CA
196,Clevey,43,castill5f@freewebs.com,San Diego,CA
197,Letty,27,lcuphus5g@reddit.com,Boston,MA
198,Tera,65,tyuill5h@amazon.co.uk,Nashville,TN
199,Bayard,69,bhoyles5i@ihg.com,San Diego,CA
200,Maris,58,mandell5j@xinhuanet.com,Portland,OR
201,Justinn,14,jtellett5k@netvibes.com,San Diego,CA
202,Trudy,46,tocrigane5l@dagondesign.com,Washington,DC
203,Bernhard,73,bhoworth5m@webeden.co.uk,Jacksonville,FL
204,Candie,49,csmorthit5n@engadget.com,New York,NY
205,Skipton,26,sbassham5o@cam.ac.uk,San Antonio,TX
206,Padraic,53,plebretondelavieuville5p@bigcartel.com,San Antonio,TX
207,Brock,78,bcrudge5q@t-online.de,Houston,TX
208,Roxine,33,rdewick5r@google.it,Nashville,TN
209,Angie,61,alindbergh5s@prlog.org,Memphis,TN
210,Arvin,32,aboord5t@studiopress.com,Denver,CO
211,Katrina,14,kscanlin5u@prweb.com,San Diego,CA
212,Bernadine,58,bseggie5v@sourceforge.net,San Antonio,TX
213,Kaye,46,kpressdee5w@de.vu,Oklahoma City,OK
214,Franciskus,14,fmedendorp5x@indiatimes.com,Los Angeles,CA
215,Bradly,65,brawe5y@diigo.com,Miami,FL
216,Gill,16,gadamou5z@moonfruit.com,Denver,CO
217,Danice,30,dlewington60@cbsnews.com,Seattle,WA
218,Tessie,58,tchatelet61@fc2.com,Dallas,TX
219,Cherin,29,cstobbe62@mashable.com,Memphis,TN
220,Karola,13,kmicco63@icio.us,Austin,TX
221,Shandee,43,sbaughn64@google.ca,Jacksonville,FL
222,Kendell,43,kwoodstock65@cyberchimps.com,Seattle,WA
223,Mozelle,62,mlepoidevin66@walmart.com,Austin,TX
224,Cornell,12,cwidmore67@arstechnica.com,San Diego,CA
225,Dorena,31,dbaistow68@123-reg.co.uk,Los Angeles,CA
226,Gayleen,52,gminghetti69@miitbeian.gov.cn,Chicago,IL
227,Falito,38,fletford6a@mapquest.com,Houston,TX
228,Ricardo,23,rstanney6b@godaddy.com,Houston,TX
229,Vergil,68,vpurkiss6c@ibm.com,Dallas,TX
230,Bennett,10,bherculeson6d@freewebs.com,Charlotte,NC
231,Levi,79,ljeremiah6e@taobao.com,Houston,TX
232,Elie,39,egilbard6f@example.com,Denver,CO
233,Binni,44,bratchford6g@cnbc.com,Houston,TX
234,Janeen,35,jjosskowitz6h@foxnews.com,San Antonio,TX
235,Rubie,40,rwhitefoot6i@woothemes.com,Nashville,TN
236,Jasmine,55,jpumphrey6j@walmart.com,Columbus,OH
237,Bethina,50,bbruneton6k@cbslocal.com,Austin,TX
238,Candra,62,cdeinhard6l@squidoo.com,Memphis,TN
239,Amelina,26,abonhome6m@ovh.net,Memphis,TN
240,Florette,59,fwassung6n@msn.com,San Diego,CA
241,Jen,36,jclemerson6o@ucoz.ru,San Antonio,TX
242,Astrid,62,agrundwater6p@vk.com,Portland,OR
243,Seana,21,syanne6q@paginegialle.it,Fort Worth,TX
244,Michelle,11,mpuckring6r@cnbc.com,Memphis,TN
245,Rosalyn,79,rmccleverty6s@xrea.com,Washington,DC
246,Storm,32,sgofton6t@ehow.com,New York,NY
247,Roz,77,rcheater6u@newyorker.com,Fort Worth,TX
248,Jervis,52,jsilk6v@cpanel.net,San Diego,CA
249,Elijah,65,emarlowe6w@cafepress.com,Los Angeles,CA
250,Josias,15,jbenedidick6x@woothemes.com,Oklahoma City,OK
252,Dareen,19,djocelyn6z@narod.ru,Philadelphia,PA
253,Ruthie,77,reaster70@dell.com,Fort Worth,TX
254,Tallulah,59,tmoggie71@ucla.edu,Jacksonville,FL
255,Blaire,27,bzanettini72@woothemes.com,San Diego,CA
256,Marielle,65,mburditt73@yelp.com,Denver,CO
257,Cozmo,13,csmorthit74@nasa.gov,Boston,MA
258,Whit,10,wmartschke75@sakura.ne.jp,Nashville,TN
259,Ozzy,47,otatnell76@nps.gov,Austin,TX
260,Gilberte,34,gwittering77@bizjournals.com,San Jose,CA
261,Cassondra,20,cbretherton78@globo.com,New York,NY
262,Dallis,56,dhatherleigh79@example.com,Seattle,WA
263,Maddy,78,mtight7a@jugem.jp,Seattle,WA
264,Dennis,20,dmcalister7b@geocities.com,Miami,FL
265,Benjamen,68,bgreasty7c@cornell.edu,Miami,FL
266,Giusto,74,gtritton7d@taobao.com,Jacksonville,FL
267,Enrique,34,elingard7e@boston.com,San Antonio,TX
268,Leonerd,38,lmerill7f@cdc.gov,Fort Worth,TX
269,Josie,49,jhandasyde7g@businessinsider.com,New York,NY
270,Ailene,61,aniess7h@mayoclinic.com,Austin,TX
271,Bail,60,bmeechan7i@fotki.com,Baltimore,MD
272,Jewell,75,jsonnenschein7j@tiny.cc,Boston,MA
273,Emmalynne,17,ehenrichsen7k@cpanel.net,Oklahoma City,OK
274,Veronique,28,vhelgass7l@de.vu,Houston,TX
275,Randie,68,rbegin7m@huffingtonpost.com,San Antonio,TX
276,Celinda,14,cbattrick7n@redcross.org,San Diego,CA
277,Marie,19,mcowper7o@china.com.cn,Baltimore,MD
278,Annette,71,adainty7p@merriam-webster.com,Memphis,TN
279,Lishe,55,lredgrove7q@dedecms.com,Nashville,TN
280,Joey,17,jbertouloume7r@prweb.com,Portland,OR
281,Sapphire,27,swhichelow7s@paypal.com,San Antonio,TX
282,Jessy,51,jstoven7t@alexa.com,Dallas,TX
283,Alfonse,37,amadgett7u@nps.gov,Jacksonville,FL
284,Allsun,55,aswanston7v@usgs.gov,San Antonio,TX
285,Jack,28,jdavaux7w@unesco.org,Fort Worth,TX
286,Daren,55,dfurminger7x@ifeng.com,Austin,TX
287,Ramonda,79,rcrummy7y@ihg.com,Dallas,TX
288,Marjorie,58,mhaffenden7z@nymag.com,Memphis,TN
289,Kristofer,70,khorney80@ow.ly,Portland,OR
290,Romonda,21,rpettican81@umn.edu,Oklahoma City,OK
291,Sanson,26,ssholl82@opensource.org,Nashville,TN
292,Elise,16,epybworth83@geocities.jp,Los Angeles,CA
293,Neddy,58,ndreinan84@g.co,Phoenix,AZ
294,Stu,58,sjakobsson85@reuters.com,Chicago,IL
295,Vivia,30,vboller86@delicious.com,Fort Worth,TX
296,Lesli,74,ltrigwell87@wikimedia.org,San Antonio,TX
297,Linn,40,lhorrod88@eepurl.com,New York,NY
298,Gabey,45,gdarbon89@bloomberg.com,Boston,MA
299,Clari,69,cpurrier8a@epa.gov,Seattle,WA
300,Pepito,24,pamdohr8b@kickstarter.com,San Diego,CA
